timestamp,user_id,pixel_color,coordinate
2022-04-04 01:32:02.257 UTC,E5yUS8MQQjhuuQWy08m7FO/D7UfrAT9uASmoyGYUVPa5scTobvbtWiHKKLnUWWEdDmST1iveZId/0QuOXY+RWA==,#94B3FF,"1246,1670"
2022-04-04 01:32:11.085 UTC,aCI2EMhPlwA22P2796jeMnpd9guNCQ9UYRLPMXh7ZTERR6Cx5CvL2QRQcVSfobankcdEqHRDb2tprYSEIHw4FA==,#6A5CFF,"1173,1005"
2022-04-04 01:32:17.278 UTC,NcIubR9eX4m2iIEbfCt2PPCSoPn3upXfwBKQxXyCpT1x0zrnarrDuWXX7oNg2CmemjA+aj1exZXdRWnWlJIGug==,#E4ABFF,"512,1273"
2022-04-04 01:32:19.494 UTC,/w2QFhfM09xtdz5989wzoUN+MOIfD1/jjltJeP1tgiOxpg2mm+1/K8Cf8Jw6zcGB9OEGQcA55RcywQfGoQmcvg==,#E4ABFF,"772,736"
2022-04-04 01:32:19.799 UTC,yLd6ytbF6dojTIPvI4vLhgCtiIbSNRzFZn4gIZ/AdmbKE69WOCe8zHq3562GzOb57zPPE/065u72wwQ7U7xa8Q==,#6A5CFF,"1399,1020"
2022-04-04 01:32:29.703 UTC,UTq7Bi6Eb9hoZ2OWGm/S9QKZPGknkJ6zWzalKbzt2wfmSGSR901wxks/BOkxqq+PAsr7tfyYTxYnbNF09c+1tQ==,#94B3FF,"348,1823"
2022-04-04 01:32:42.369 UTC,1WjSe04n4mRQOkh3uyLyNELgFeF2602KwtIn1b5SEkE1pAClPwDV6kXl8PfhY+zxW19NyYUyzU+QL0fLZBZ+qA==,#94B3FF,"840,1077"
2022-04-04 01:32:44.224 UTC,bCrZRP7T31V14qwiWNzeBDKckEr+7q5aWwtYi/xnGSI57DwO4pWc5Ce1axjS3yNhF9wvmA2THtL/lwbIIeF69A==,#00CCC0,"1662,1890"
2022-04-04 01:32:48.697 UTC,ZNMsC1QpU85LnwiFnVm26dl36eyAF/pY1YSYjX5N8ArWM7lgxfHhw8emNxZ5q7l/eSEiLOpODzASpQfEvLO5QQ==,#E4ABFF,"545,1272"
2022-04-04 01:33:04.935 UTC,6wNblautrN+HX3ugQDgQboUMH4fYimqSezTsymY1w+vQl/uFDiHNqc0pA2BjBHAT6zww8iRX2ntGdqiZijBCYw==,#009EAA,"872,704"
2022-04-04 01:33:11.158 UTC,k5auj2PzM7anT9oPbFEHfqTfevmJTCYSSjPvc4+uvAHZqHHQwFyhaJZee+uxNtW0kUT5KuK01G8sB/WZzgOyFw==,#94B3FF,"312,1794"
2022-04-04 01:33:49.281 UTC,nA7tcMOU82N4iOjQpXt6awDpXXbzlMm6NNZSKbdoIoj/AvOpePDr+mijx3rgnKBUZnBYLab2QkbAwsgXISGhkQ==,#94B3FF,"353,1823"
2022-04-04 01:34:02.131 UTC,4ZCNzU7NHgtLf1ozOOx9yTfThifs9q6zaBazU64NOUOUiTj1LRaoGJjyXO5mKL5Ef9R4kKMNjRz3pGTFY9dbcw==,#00CCC0,"100,1832"
2022-04-04 01:34:05.509 UTC,jJTzmz8hgSs5TyUWsjutVAE2s0XuMBJBwfC0nX5gjUKMwQSGvZXZ3Z/T47ztdsSQraoL8UoG4JoLuaj/EJvSzg==,#6A5CFF,"757,734"
2022-04-04 01:34:17.005 UTC,DJFdOg+VUKXfwDO/YXC4SIcgrSwJ/Mw496Sa4LTfHWCiDZtD9sSrwl106dsogCfVIWs1Qg8kCh7FvW7zUF0N1w==,#6A5CFF,"1905,1198"
2022-04-04 01:34:21.574 UTC,iCKz2D3MgD1p4HdPHFYTs/4rojybV3UnOleSfAnmpHWeAFNDkD2qzQwPcGETnTM0yVfv/YdLG1Ax+B6dANLdaQ==,#94B3FF,"354,1795"
2022-04-04 01:34:46.366 UTC,Hm7XbTvXxff+krTXQwjqnEf/1ARf649aJy379u8g+HMS5mZRGiNpFyet5km4NFOVsozOzj6C7usxtHL2JStHYQ==,#94B3FF,"390,1004"
2022-04-04 01:34:56.194 UTC,qyHxH0WlJ69+vl7AiOuzT0xdaKWcPcRjgIbP40HCvdsyhcrLxQvwFdmItjuVR36/UYlJby89SyZDr+nzy+ZjXw==,#00CCC0,"1827,1229"
2022-04-04 01:34:57.903 UTC,1HTqMUYVQvRCaxyyckrayXDaumrW6AwPHqV1TzxZ4bNxrcfI/rDwj2vGxL64aZRMlHLr0o3eDR6mB0KMuw8TeA==,#94B3FF,"1854,556"
2022-04-04 01:35:16.263 UTC,UcPcLNaCfUvYZ/5+yRQ1vZd09vhc9FGNWEaiOEJLgTTFnmz9lYXp84KWOKG4ysgyaur5q/QMXG3ilbMFj8aQ6A==,#009EAA,"1211,944"
2022-04-04 01:35:17.45 UTC,yedtQziPK5sxbOim4070ZzX+P5wU8lFLnYm2/4fBAEfeDJ27n/gExWehyjSl+Y3etwG2IoOOoR+MxxPtQUXeEg==,#94B3FF,"1302,1534"
2022-04-04 01:35:24.396 UTC,v5/w/zBYE4+Qu2vjdLxkii3AsN9vSYQH126ci+h4R+AQzRsAx5wFE2zHoldIjBp5q1gnxFxbO/QCZoOLhEiO6g==,#009EAA,"1984,291"
2022-04-04 01:35:25.593 UTC,kOtlhF8q7kaZanvl4f5/cqG56tolie6oGEMyjkfwiKYxU5yDaKrmnCY5sS6RyA1VN3PWnBWjt4KKRVegvedPcw==,#94B3FF,"369,1716"
2022-04-04 01:36:13.313 UTC,QWoK09xhzYXGDQAGgD1lHXkPq+WqTvADum+/CIn0PM+FQJK3rKm3AJIP57B+54OiEdsVZ47wraDeIl3kKS0O8g==,#009EAA,"1708,1455"
2022-04-04 01:36:31.228 UTC,wMUqagy2+DACYpafIqxM2vul9EPKTijsG2P764bM3KyPoHKfJfOoxtYi0bR5S4Asq4zRR446mxQiVM2y54ekMg==,#E4ABFF,"536,1265"
2022-04-04 01:36:37.289 UTC,sMv/KtTZi0fhv+M3GENbpZoGWFpcAIe5HVklUdjOaxVLrnRIOYHb4r+0i78RPA65P46rBteqCZwBB44G7/DqfQ==,#009EAA,"423,1658"
2022-04-04 01:37:13.993 UTC,zdLCM8hq2mTG89af497vdqUBv5q5EE7zCJv+R1yhfJlzjKYe7HSDxrHDYE3c/Y/DV7MUINKhA54bIoGdZdMYJA==,#94B3FF,"107,377"
2022-04-04 01:37:23.663 UTC,OCfRxinKotud0MwZYu9LxQRBLIrijyM0CuTKW3Nk5kZTXV8eVAxNH3fuEGpRdY9+N3e8vZ+vf2C4QKroLrUNkA==,#94B3FF,"253,765"
2022-04-04 01:37:31.824 UTC,86c2Vkl5vehA0TMWYOaxjssJcNkaFWoEVrFUM0L01eEV2hs+Bd2vS9bSnAvU9wtbB9DbOWXuSYzR0oqaWni/PA==,#E4ABFF,"418,1429"
2022-04-04 01:37:42.182 UTC,5W5l2HPtnVQbNZuePHFdDOH/XSQ93VdxDtdtWU8t3gmhDn486xDQUU4CcHbAoOrqW40C3KavJMj0To8CHvxQBA==,#94B3FF,"505,1115"
2022-04-04 01:37:50.111 UTC,QFOFL3rBpfhw5b647PLMtkWZ97/LIx18+doPwCOG39lG3DpsB+CsUIsoRje/0Pl//c22NXuGaYIaWojBFHJMrg==,#94B3FF,"344,1731"
2022-04-04 01:37:51.986 UTC,5yLUrpaQ6l+nyIT8ODjO8gyJI1jvMkMkb9OPXqTlBz2dbi0fuE/XE25jHge/v+ztcj4jdKH9LBTm36U/M6+Qgg==,#009EAA,"1638,551"
2022-04-04 01:37:55.156 UTC,EhqBOQgiyqpg0I6TgNt+d7XWuvqT8UW3Z1RR3D7MCcjT0b9BFikuNbRcobz7+I7HiqrxBBI+FwNvbwczv82Chg==,#009EAA,"1346,1694"
2022-04-04 01:38:49.767 UTC,xDz3G0aZKBFaSe0h+DRNEnooUbsQQr2GXCyqXnLxApjYznsothxMZyjOK1Mm8sOCD98UMjcyBZ3FrKLuKMDmdw==,#94B3FF,"1889,1195"
2022-04-04 01:38:55.961 UTC,m+uh8KXpcEq4/jvavHuhXbciO7cU/a5iMQAbwngBOIkECBGtTCTDszLn1uAVemD3tEzgYDEhn/5bGOQR74DCzQ==,#E4ABFF,"1372,1749"
2022-04-04 01:38:56.54 UTC,QOL6mpLegrQT566BR7y3FfqJVPxBjZFWnIQvi4qjaLLJCkhrhlOd/0i7aOALp36Rr/zfgukQrn3Jrhpw/pHGAA==,#6A5CFF,"1013,753"
2022-04-04 01:39:14.478 UTC,HR85aNyKcxaMuWHLqepastndzpMTc4cgJltiIaCUcW4x29vOGcWB8j2EfmJnvs4HC2+SpOogySNEbeak+298sg==,#6A5CFF,"651,1247"
2022-04-04 01:39:29.555 UTC,zBLk1qGWN24sUdv3nAm3wHVfIxzDmuiUwsl+Jv5PKJKr+TDEdxgUrKAjJtZrbQIzTH70GdaDOfvgEzAYOOsxSA==,#6A5CFF,"1816,1943"
2022-04-04 01:39:32.036 UTC,/8CswoiVM2fajgrehdZiUDXMM8GVVmAuH0y+jbj+sBUYG7BMN54MohZWzAyKw+o3NMhOrAj521d5FMhC4oAtJg==,#6A5CFF,"1960,1837"
2022-04-04 01:39:32.22 UTC,j+b/UgN1rhYtR3TejM4Gx4cxphwu4iZcuQYyTJZl7NvaL6iRAEFS6jIP3zMLZAJ5eGzLSc4X4kY6JU/t79gTfQ==,#6A5CFF,"252,1449"
2022-04-04 01:40:23.771 UTC,pLtTIsDNApgOEehN457vuypxaO2bA832MGqkR8REjw911oNVXtkdpmuOBBtqoScfa1Tr0P7LeqFeIxFDr3Jauw==,#6A5CFF,"1899,1198"
2022-04-04 01:40:24.323 UTC,gKjdwO70+Hy2ocaCUgoXyXHotUBTTL7UdFg/Kt1Vm918AsIh9A8ifbqB5FcHO0ZuvCHHJWmNQMD1ILAeCqy8wQ==,#94B3FF,"1706,392"
2022-04-04 01:40:30.169 UTC,+T97V6k5p6yBmX869nL28n09oNyyfQWceotOtv1SY97kJuihnI0HkxrFXdyOCdS7Erla88mKxQEnHo140/VCFg==,#00CCC0,"299,908"
2022-04-04 01:40:51.821 UTC,SCe3BZTZhiBHZqc/JU/YnFo8MFEtKGCgYTkThMg/F8OdQIKEvZ9QYd/j9LyuqxhFICV3TCogjjR6NVucMk7DOA==,#E4ABFF,"1026,1228"
2022-04-04 01:41:11.991 UTC,w1qSQiDhgviSl8VP53zjUNy7aiscAupq3QGZNmOZ33xZN+mG2ymqAdubo7kyGHYtksqdbNXnJVj1BkWxj0GKaA==,#94B3FF,"1407,1572"
2022-04-04 01:41:15.89 UTC,y0G8wRP4tJTVcIMFtDH+ZfCgop54Fmbaq52txBvPqoMDf3btwYvFm68InoXvGKVL07A9oxA4Xhy06yJVujg19Q==,#94B3FF,"1469,1599"
2022-04-04 01:41:18.481 UTC,ZsdWsMp4JStl1aH7/ZeBkke9DFCLet5e//IgskIpe/KQm36tgs3IBycYGnsXVghrYU3+FybO+fu/nH0Vetobnw==,#00CCC0,"128,1734"
2022-04-04 01:41:24.77 UTC,5DcWexOawzNpeDaC1+gZMv9l/GVzRvbJqZ8vXgjGtlr0N9jUQjnRd5LcXkigDh94spxt7GVwcR89jqkXpEqu/A==,#E4ABFF,"686,542"
2022-04-04 01:41:25.146 UTC,q1NFJI/e5nU/dHlwjKeFexHtes4d2H9AK6iMF2QlytjrpFcw3CBlnYza885hoMxV2ZGisY28knsnn6mR8bei9g==,#94B3FF,"1409,1566"
2022-04-04 01:41:27.847 UTC,gq1KtL650p4JfzNrCx/TrA4btQz7L4CMoKWyFsDneNL8cs8+ZRKgWl6J7MYHEgha0QVLt9gQMo+Y/JSa5kUZ7A==,#94B3FF,"1335,1598"
2022-04-04 01:41:28.706 UTC,eY7ul1/sdDb9wi7H+5XE9Tysv1AQec4rrok8JlHpclyUZlVj1SmKfg5vm+AvQ43D0rsG+nzO0SMoIEDahrf1lw==,#6A5CFF,"1778,1755"
2022-04-04 01:41:37.049 UTC,Zp5k7YNMpJ6vv+DFw2aNlFegAnSmPw44emuIHE97GzjgCdePN9tHaUB8fwvzdovifsBs9FAAdIZj5rzTbG+Z+A==,#94B3FF,"347,1745"
2022-04-04 01:41:50.776 UTC,g6G0w/Hsx5LLxJzA/3oG/De33fXHMovD+idazYkI51OcUfCDghvV5PSKk89RBkEA/qT0f3f8Q7S2gnyv/pllaA==,#009EAA,"1479,1586"
2022-04-04 01:42:19.833 UTC,PjmR5+K7ORcjc8owgI8OgF2gnKpBoP+UgkwIWzx+WzC5jhzWlVODRsT/1q7UkJ7tDYRWNAjI/tmF8Mx50ZFTzA==,#009EAA,"341,1965"
2022-04-04 01:42:29.375 UTC,ZjyQCmSCaCdAgnZ1ahIG4fDkCHbavuoVyAIdBSFw+qxSC7AYP1QbQUpG3XHPGJhZrxL6bPjeVKo0Yeg9Yd+PUA==,#009EAA,"1356,1556"
2022-04-04 01:42:45.354 UTC,BtYjzLkIeMerQlqRAsuaak1cbdcizD+nZnAvCKr9jKGtQtBMWw3UzO/ZdlLtMfqCG2ZndemP5Pe+xQCNZQbu7g==,#94B3FF,"228,1778"
2022-04-04 01:42:58.675 UTC,w+IWW4m3zYfwt3MnaVzACgY0ZFWISgPtH5PQLJKPL0EKEUDWipCIp3kmWoTS7tJIbwNATTfXbWoHyTQcLmnJaw==,#94B3FF,"1466,1185"
2022-04-04 01:43:16.809 UTC,YhgEft6P/bENWflPlrUdo/LO9tN9pOmUNtJiPxVfArVID4jcw1DyXoh7KNv0bpV8z9/81EqymDdDY4GeQa+Iuw==,#E4ABFF,"53,888"
2022-04-04 01:43:18.081 UTC,U18F/jR8Mz8lgO9sS5zFijN4RCquQUJWKZ9s/2htORQmyAFqWLKCTvdh5HyxEEepHJu0onETnefhfnNQp5NtSw==,#94B3FF,"1824,791"
2022-04-04 01:43:20.874 UTC,Ik6xtJP3/Dho/JhPwPI1sdeKRemPI5guQaC+gCJyPui6Wjya0tOPPudAjF6ZNcXd20ws7FRV/0l22z/Dg3Redw==,#94B3FF,"1483,1512"
2022-04-04 01:43:21.304 UTC,VPRHwVu13fgCZttpoowKqSoT4C0HTrf8DW7bFLIaSKNT0AojfK3E14f/LcvFqsyGyYw+P0BvWhjgI1Yk45bCWw==,#E4ABFF,"1847,1680"
2022-04-04 01:43:32.929 UTC,Jokp/5SUn+GN2D8LOoYaMP+RjSH4EdG0HBU6BiUDlQDh2U3KOOfAZKScKN2cdcbI+mbeN1ntbXVxCTa0/1KTsA==,#94B3FF,"1484,1507"
2022-04-04 01:43:37.313 UTC,ZMgCWdVWMwCwykAxBLXuGara5T8cOrqQFBNBb2ovjTN9zDygpca7AeA6r7PbJiI7Bxsq5QmcZBbHXfRV5zdKMA==,#94B3FF,"1379,1563"
2022-04-04 01:43:37.47 UTC,JK3NgcswJpTkXQ+570C/sWFv+huh4pMkZG+FaS8RRGuEHUtnKXdxMJX7mDodvav4ZShWnieUMz6SmG+OHGjPPA==,#6A5CFF,"1190,1486"
2022-04-04 01:43:37.939 UTC,BjsZU9hz6qhx4NQUzHD464PpwoS8dcCTADCI82LAk0R0UmgGIYKe11vDwPxe4pNutJl5L+pt3kaagPrKCZ4Ifw==,#00CCC0,"1943,402"
2022-04-04 01:43:46.224 UTC,pkVR8jQrz7VWBBWxezb8eH+HLi1MrnBdRYoK+uTze5KMOPt1DoMdqxZ/2X08YHwmR3SxwJarNOMewGR0YJU7EQ==,#6A5CFF,"1245,1570"
2022-04-04 01:43:47.004 UTC,neDhmRsdR+f3YUYboRpvNTHVmBXYyuxn6lEpXhrp28mGZCgIlH5kELbKuCNlgy2JMzdxO7cSnnDWIfl//nx8Ig==,#94B3FF,"1371,1591"
2022-04-04 01:43:55.144 UTC,Oc4ntKqVtSic431xtb9fwnAE9yAAojaMETzo1bmUb4Wdp8KP8ynHGG62b9Er399URWMfK4oLl3u7izJSj3aJZQ==,#94B3FF,"1375,1582"
2022-04-04 01:43:59.332 UTC,XTrQJgFNy6aXHpUXfTD4wXNThDjddnbqqsH+ns9gyyPgFQBY48ECOLNKKg3yms9bGnN8+5xh3X0N9Q+i2GY4aw==,#94B3FF,"1363,1578"
2022-04-04 01:43:59.529 UTC,Jz2dsP4r2a1f5geRtJewJzQpTBAeUWJTCm9fA0UUSaDA6kftnZihrnFfRo3GZWHUbis/k1zO8i+NRUW23kZ4TA==,#94B3FF,"1818,1982"
2022-04-04 01:44:05.83 UTC,bCrZRP7T31V14qwiWNzeBDKckEr+7q5aWwtYi/xnGSI57DwO4pWc5Ce1axjS3yNhF9wvmA2THtL/lwbIIeF69A==,#94B3FF,"1899,1839"
2022-04-04 01:44:22.343 UTC,xj9C0jVjIWcwx+QxSQiK4J+5Me1XxHZ8oDFZ/FDIJUchzlVcNVDPjjT3Cnk+PltpuY2s0Lwv8i4lXT3HSGAztg==,#94B3FF,"1931,1628"
2022-04-04 01:44:32.308 UTC,SUk+/Mi/YHsgmRZz5HhmF2JQ2gCxyqByapHMY1Vweg/XwjyQdvfjoSN4iSRynTc4OhLvTNIWjh+3SCpKU1RKAw==,#00CCC0,"340,609"
2022-04-04 01:44:39.524 UTC,iYLjOYarCgKXNNybKd3U6EgXLXdfo3a+vCv/5JierHudAPhg5bmDd9ICRcMCF1kwdm330n6pFOhMJjwlPOprcQ==,#94B3FF,"1486,1499"
2022-04-04 01:44:41.635 UTC,A4ji15gwnKmv3ymdGOYYEq7xwrUQuB7FnxeLTmagq9tRH9uuANMlFtghkEVGWHKSUFe9V7bmVUDx2DhM7nmZ9Q==,#94B3FF,"1494,1512"
2022-04-04 01:44:42.896 UTC,5ALwa5jqIOqY/Fng44NPiHS8ZdOa+JAjaCU7I/l9Wg5q0RRIXuQp07EM1rr+4J+CipkXHvYspZxkx9aMuGrjXg==,#94B3FF,"1496,1542"
2022-04-04 01:44:45.846 UTC,NqBjVmLHMP+xjQdynUovN7gVdigej5Ql9/d75+9saPTFtFWQXaUxMB+uO296vrvQYQBZHs3e3OZCVv+u4UteoQ==,#94B3FF,"899,1363"
2022-04-04 01:44:48.046 UTC,IvX3oR4L6Dbhmvg6+eJVr/ti5Mg6YELppiMPmeU/NtiNV/Mwekc3HS+g79M3bPD/ghGK6I1G1gLGlaFOaHxuuw==,#94B3FF,"1487,1508"
2022-04-04 01:44:48.665 UTC,yBNsWaWvJZGnhy5YXbcZNERguzqgAIKoAjqIxTcLoUfvr2rYzAP+rOAPx2Q9eEndw5SMCky0SfAVbW1qvWm8Sw==,#94B3FF,"1483,1505"
2022-04-04 01:44:48.926 UTC,XjD4C4PYbzX4auK6Z8tGvZ9zDTVcSLH36VhljAjAtya+UTDhLLSsEzf+hpBYPHUy/4jt7bq31lty+Dhlq3Ll8g==,#6A5CFF,"1867,434"
2022-04-04 01:44:49.456 UTC,7x0XmMwLcc1+26SllFdTj2Xgb+XyoQWPGvy/eKqx/SqH1/zsprR4Q8OuA3wqE7yKUjgXVRV3xhylBIeaHHKZCQ==,#94B3FF,"1492,1511"
2022-04-04 01:44:51.331 UTC,bEGpjN7VNk6YT4vdCoxJwT5rR71MIzI1MzYJyCoVmJ0iReZqyjgRhuuZcTq1ZUIEEQEe74pA7hPHAL1VpNZm5A==,#94B3FF,"1388,1594"
2022-04-04 01:45:01.872 UTC,rgsJuauqZgy+UxUO2bwK36pIAsHXXxdct4Gr2hTpsaUDNLQFEZNoIFHlKUwhUVIk37P7FzXL7scqfVqjroL+vg==,#94B3FF,"1483,1508"
2022-04-04 01:45:05.673 UTC,iok9+R38Fhcm3f3IxueRHQUgTyXVigxI0xKmAFrD/5BpkwrUMtxeMKAbFS3IFDFq/cp1BmU8MWiu5msEFz9u8Q==,#94B3FF,"1489,1502"
2022-04-04 01:45:10.115 UTC,T0ByrB1TUf1eCfJOAxDiMgkbR5szWF0TrnkBM5GKCncOITB4RG0REHqVOOPP2xco3qudQjraRE8fLRlKkAhm6g==,#94B3FF,"1630,241"
2022-04-04 01:45:24.762 UTC,kN+4oTmuZhLY0KQ/uk9Dt/t9h7g+BLjcXC6JPRZflLg89ugEvFbPns7dt00FBMHGJpnO/49f/FR5HzQLijTkiA==,#E4ABFF,"106,1615"
2022-04-04 01:45:27.021 UTC,U8S5U7Dxs1D4iux/lwGHj1d2kzJF7ikBjo8gCDDsTshjXDnGFP7dvWOuIfUF7tjVnJgh89hh6s3aYozP+0vWGA==,#00CCC0,"1521,1850"
2022-04-04 01:45:29.853 UTC,JTGnwOcyd+0Ctr7MO16w1C+74tHPRek7rRXJ7JdxMs0nmhuhMI8aq63VViE1mhlTy/fiC5A0JZ+u8Et8W7a7zg==,#00CCC0,"1116,1381"
2022-04-04 01:45:55.244 UTC,l+eOiaBcN37eLZLX9JrsdNJYQ9x+00Nk19NT/eDnexqU7SBiy0DBeejnY0tWvK9Mw3UeKPgovBHTdyIOgnmQ2w==,#94B3FF,"1962,1812"
2022-04-04 01:46:16.912 UTC,avNhBAduHMKFUycxibVOWntUBgqnaytwfH/pds3vLfjJUnuLZNxgxcMbo9Pz8VQgODR8nyMzCiV399VZCfG2mA==,#6A5CFF,"1400,1687"
2022-04-04 01:46:31.604 UTC,bCrZRP7T31V14qwiWNzeBDKckEr+7q5aWwtYi/xnGSI57DwO4pWc5Ce1axjS3yNhF9wvmA2THtL/lwbIIeF69A==,#6A5CFF,"1587,216"
2022-04-04 01:46:31.748 UTC,bKCess+5b3mCLRExFl60ONMkPhd0jcOLdSq85aU9cmOGntOnE3c2UHvxrJcXxWi1pRkZJtu45KBxa0kmNB3kXg==,#94B3FF,"297,1804"
2022-04-04 01:47:02.173 UTC,/itLeLnSuA26W4e7I0RTfPh7hFjIuADwed02Uyh3qmlXI8B62M4LSaxLK5J8o7PNoXe35gTsRqf6xBPYSyocKQ==,#00CCC0,"721,1785"
2022-04-04 01:47:03.032 UTC,gaV8tMCZ9gni6PpKgEXOGzb9YivMQESRmPc4ZAdqKAT7zHHOwZecOJ9E9iU8yyOSFzR4gZmyRuNUlMRResc4mQ==,#009EAA,"1012,1728"
2022-04-04 01:47:11.4 UTC,AqtcuF0HPbC1ddz2y/0z13koI5H5VIsXStdyGxpqwSdufaG3zBnpVJ1w3os3s9jdcZMwKr+Ng+ybleRTV4+Qaw==,#E4ABFF,"554,1213"
2022-04-04 01:47:32.009 UTC,j9O8Zf4tUj3SS5EG91fz+tCVVwGulPjE8rAAkeMt1OgEAyC2eU6981aDH9x7Yr9AeHq47P/1TWJwdQSxNLeYeQ==,#6A5CFF,"1257,1703"
2022-04-04 01:47:35.399 UTC,YA35sWEJjlGKKm8l6grXCIQTnPBOnfxbS5gVxc+GvPUGQs4NfltJ5uikcX5aAhnQysbDLicXVvXNE8x+6iPVSQ==,#E4ABFF,"86,767"
2022-04-04 00:53:36.383 UTC,lH2xRY6j4mo0UUJ/SrFYataVPmg0pf/4Ez6kW1YzKMIdp4Zibqal4El0aKkylaACfmsKyjTyCQL159YOxKTdHQ==,#00CCC0,"89,1515"
2022-04-04 00:53:37.02 UTC,SVr4gjUR0iHgqdoNAkUCBwI30MtmlNAlGnwioG9eO83Kjvb56+ovoUQZu1fi7SY6fhbqrhB/ww9NLtHRoEMlmg==,#E4ABFF,"1954,220"
2022-04-04 00:53:37.595 UTC,tT7+cty1MoMpaUhVTgkiGg7nms+NsfOd2AgELFIH0kuKw3/zcnw993YUY64FR/f23gJPbsYBWVzRd+qxs7bGug==,#94B3FF,"1241,1227"
2022-04-04 00:54:18.718 UTC,6pprAJD+2NXrpIy5zRntPCW8Qt1MiVhnnESFGMq+aL75vVYrfNKu/gEfhdI57ZfvGKu5I2YqFPFVeaXTvFk6xw==,#94B3FF,"1949,1221"
2022-04-04 00:54:50.191 UTC,PAHDnaDcfvjn2mc1OLT9iE1GQIoKD8LPjoM4VUxc7JZ1v+5dBjc53F/ZQn2lzDEb9Dh1ubaIp4evQsxdDblAwA==,#E4ABFF,"688,1414"
2022-04-04 00:55:38.063 UTC,eU+qdTYnFBsUUZSzWOrqfpvYGj0+913KK+uGZpgELIyxgILbxs0xSA0MIydwFYpbueUDTHxZYi0heBH/eSJ++A==,#009EAA,"290,1491"
2022-04-04 00:55:59.97 UTC,HUTVQOthfAfan3Ma9mJtFoqHtbMqFOufz0+e2fzCoABB4OHxx6CabU9YuzervFe0s4/3+CMeAqDxwCxQ4iDafQ==,#009EAA,"282,1488"
2022-04-04 00:56:03.667 UTC,hLaeTO4yunmPwN2XS70KbMh1B0jjwhVCJUC1C3m+goUgSKzC8uFpwa6FjRpXGEZcZ5j2RHBqQ6Th5vHcmMe10w==,#6A5CFF,"673,778"
2022-04-04 00:56:15.417 UTC,bEYhrsZUOpiyB5sBPNdvMQQHA9yXoxe5s7dxzyHkNV4xITNHaSAsTVX6MzGKl8TmeM4ePusPHB9QtTyGvl2SJA==,#00CCC0,"201,1617"
2022-04-04 00:56:29.913 UTC,ngUu7yNE9Gv+bd928VymVLs+K79oF4ieQKngX0KySCrzaPU2oGcq0G2J2a4X/wdeyBQTA8HxXLAZu6paJH5FIA==,#94B3FF,"1379,1709"
2022-04-04 00:56:38.976 UTC,PUh402uhhg/MOQ7d/AuGX3aqTZ5mHpNpZz+uD4UPTdCOZCkLRWkrsScWrmSrHbxcqSkQ7mBp+soAnNweS/vozA==,#E4ABFF,"1774,1212"
2022-04-04 00:56:39.815 UTC,h84pq5ha+gtUMJ93xcHwr8yQN1aDETijn9S/hSdsEW0ukiBU3u7iMDA5/eIO6w9nMUMPWUQ3ye5d00hwF2q9jg==,#E4ABFF,"810,1537"
2022-04-04 00:57:01.587 UTC,iRk2tk1NJaaGaThYr+eHxSdV99rosNM+jrmS6skrCTo63wEdA/kjfd9CHRdBTyVhXcSeuvKKt7LNqifVLHJMaQ==,#009EAA,"210,1534"
2022-04-04 00:57:35.597 UTC,kD5rMZD0UUXwV1GUzD3A0+1q/4I1DNCdH0S6IDJmCF+zARFpmSXBzvvXaOJYnOq9U3CxmE1lt6ADbdA9HteOhA==,#6A5CFF,"927,773"
2022-04-04 00:57:40.676 UTC,UnBtjlawAf0318/g5Ve+GiFRZVZSpShT9RPRjT2hMa3nb+bHvTE5UXSzg6iGFicE+Qwtv3ihrOS89mb1tHPUbw==,#6A5CFF,"1285,1030"
2022-04-04 00:57:53.95 UTC,YZJTkSiks7CVfYLT/Gm2wln5JuAQK9UYvI4CGErLjPn5D3JRNPnLd+h0eqzj71RtqHpLRuD8wWQ1xALhQldzpA==,#E4ABFF,"281,357"
2022-04-04 00:58:14.606 UTC,1dqFYfE4Nl+3EFw/BdB2SiJLOeoxx1XQ9N75bKxxpo2sGFHoQRIY/k6MBsklsk+dzXLcx08aGicZ9vl0o2ULnA==,#009EAA,"1007,1730"
2022-04-04 00:58:44.869 UTC,4xfgI6MHBgPdlR1kpL71oOFIOYwxtHUs1u91edjLBMuyyPFHr9NVCiuEiNSeaRr1fALd9BeJ2u5RReTwVk1sjA==,#009EAA,"291,1511"
2022-04-04 00:59:28.593 UTC,xYMom/h6oXZsZiw4aNg9ahAn89ppNAxpQ/UfpgtfmwvklIG1oLBwC7QHcb7r1kNB8K00VyZD4+bVZtuUXXT0dA==,#00CCC0,"659,1792"
2022-04-04 00:59:37.263 UTC,gJUUViIfqfDRanmq1oBfaTgu4g2RldtM9WjspmEzZCR+7f2kXJVCWIMliSGTGtaee98Li5jtwdjbV1BljBw3YQ==,#6A5CFF,"1212,1281"
2022-04-04 00:59:42.329 UTC,3TQ12ScNg7+2+z6pjdiCuYqlsSUY19/LFrEyQbvoUD5+DdBngAk/ok3R72nhzlOf1HsBiLNTmk9gkiVTMUa5SA==,#00CCC0,"1412,1676"
2022-04-04 00:59:43.727 UTC,tumnS0hGMMLbyJJbmEOrlDsvzzzLiaXEHfAhyA4vQ5C7a+oTrg5vHuV1hYPBMftj9A3cLaSuRvScBAZQJL4cjA==,#E4ABFF,"30,1806"
2022-04-04 00:59:53.724 UTC,1BVzuIEsk7/u94F9opDAQjiAYpHqEozemT3gwdullqSZ55GE2EST4G8Tj/m9KqzcJBeG+MoGN2ugKNzOgXsSrw==,#6A5CFF,"1426,1319"
2022-04-04 01:00:08.175 UTC,u+3xTPUn3207XxuVpmGS68PeanmjXR42eldMP688zW0T/QCt+PDwCaG6Q9IVbNq3ZFKgDypwRNy+se2LCyJJ6A==,#E4ABFF,"1397,1688"
2022-04-04 01:00:23.106 UTC,+mpyTNDRspFwgVP1al/IpnnKJQEkf9sLAms+D+AsbeMeovVQLTYEdAnNoy02TeqVAMR88w3rOBR/iHdiT4xywQ==,#00CCC0,"334,810"
2022-04-04 01:00:24.853 UTC,7KE2h5SgFt1MgU2A0d+ju20KeIonpASJUJjKm5dvVeoIz9ciR3mLTrG00g8juTiM0Yfs5672RTM8KnDVT2QrkA==,#94B3FF,"1040,482"
2022-04-04 01:00:31.193 UTC,MTLwUvr6j25vrIYvDEn0/nRDGbzeehkuwRNW0dHhg2coqrXWOXvyCTwDD+WZ4c7/CcV34aCrqhRujBWKEKv77Q==,#00CCC0,"1375,1659"
2022-04-04 01:01:06.609 UTC,HCCQIY36bJN/theKpdq0/EeA8ESIR10BoawyGV2VH5YysS6dETbn/i30SLvqmNYqO4LTQcEaxlm1tOtIxblTRg==,#009EAA,"1454,940"
2022-04-04 01:01:49.125 UTC,PSKuDGaieh3o/XxNTPmuJ6m4z7ovsBY+F2PGbNvTJc7h8O3rZwSm6wuEO22rTzb2QtNa/XIFP2c+csP88GEMmA==,#E4ABFF,"1697,1442"
2022-04-04 01:02:36.194 UTC,auYCBuJh+cJavl0n75e2grukanxE+KiQ3iS1738MABqX5T/HG+wPPTiy7pWGsdeOcbYOI3bLLBXCMSZZjUFaHQ==,#94B3FF,"1949,1221"
2022-04-04 01:02:42.736 UTC,VXiZpbRy02osxE19vw3+19D/H25CoFUT6aQ4dXGewPaX6fUuWP/oMMrYFBG9JBcuuZqC1fc38zFHIKZ1BhJEJg==,#6A5CFF,"711,789"
2022-04-04 01:02:43.641 UTC,Y9NHIQ7pmATszrHqL80umSYb7k+nNcbS8X1MPy3l67TnN1kqtntRomMhYWSJFLeawUMLWGSrhfCzHuQ3/XQ2ig==,#00CCC0,"927,748"
2022-04-04 01:03:15.825 UTC,CwFLlgp6qDuKYz2saFhDHqmP1krdK189r1DmNy8LmuwubQxvQaQokrYApIB/olvXw/4uIWQ7bovsSf1W/eht6g==,#009EAA,"406,1518"
2022-04-04 01:03:30.849 UTC,g8vc8S6AVrDCgSnk21OdKZZy9vIajq26vKvneqn+HIp79wUc85qyu28ohTBGo7bEaIe/SF5cXHPKpZpWNEaj/w==,#009EAA,"1625,297"
2022-04-04 01:04:27.184 UTC,35DUKawC4WDJ5omgw9QSvJyPzmPXq8ZQYs1GnXeCLNO46pbqrK6shBMervkypqVNuW0pJyyoxNkjQ/hDQOIvlQ==,#E4ABFF,"1927,649"
2022-04-04 01:04:40.153 UTC,NQlnrovGXVLoqG0uzqjdKSKfF3JXMi6/tJ2LaJhgXddpU4qNr8NRLhIfJ9/KXxw81Wt0mxLQiKm+sq+Jgfh8SA==,#94B3FF,"1346,1813"
2022-04-04 01:04:53.438 UTC,sRXHgNjIjiGVl/SrhXR8DMKJHUb44msqi9hzHFidRh9f9D0euBqWH0NYXJXg5L21shX1mrXk+EYnbyLcjSRMcQ==,#E4ABFF,"168,1698"
2022-04-04 01:05:16.41 UTC,Q8qKZrXFvgB7J9qP7W+9TY0FsV0U/QYelb533UDMzlFMU95//D9wRrY38WSPR0w/eJwMFJlmVOY2Bd7QHDR15A==,#009EAA,"1060,1471"
2022-04-04 01:05:22.065 UTC,ujsoZfbgpXIfz9LpFLXET98SOGDA8b06XVFHPhMI6i1rRWkKzTGjDNaVJDyN6FOj4odIqSWg4/w5XTZM+M4WxA==,#94B3FF,"1826,1514"
2022-04-04 01:05:35.097 UTC,Fjt1USzP5p884l3+Uz1Le/Cw8wYzBbA4BqPS/MTFtG6uKt0zn0x6FWQrjRu6T9AAEwftbFSbHAedBxcb//JOiw==,#009EAA,"1515,950"
2022-04-04 01:06:26.005 UTC,FjnOw/mTKq2h80IlsvBvN1QSRSwBpdijVI9fIhh0KQc30dHQfxWNNqHqPt6/S6vcHrvYRm1wqhMEoc/h4v+hCg==,#E4ABFF,"1695,1560"
2022-04-04 01:06:31.255 UTC,VUZkOzVj9sVwASBmV9lAOrgV8/ByxbjnVZvAm3lDfk3qG3J4/sim0AtXuJPObCXHAXSmz9PnAOTGyIPnL6qCiQ==,#6A5CFF,"1634,1344"
2022-04-04 01:06:34.098 UTC,MBzC1OuwYyWGEJne+TMQUo/oa6EJLgENyLKHa+SIahCvyrAlZH9FAcPD/aEXltSx6EuB1kpQCPNAy+8/tqMVMw==,#009EAA,"1210,1271"
2022-04-04 01:07:01.605 UTC,G7EVlOuH5FvgJ6q2Ak03stnRpbvP18j+nf0ra0OVnQK+TShwBFLuqGu8E1i5oeCD7JtHiO+IZw8XaX/LdeNuBg==,#E4ABFF,"1836,1906"
2022-04-04 01:07:12.015 UTC,SZIDIrFAnFsRsAzekDQsZYi1j6UVJkszJhfstCh3bXNyRrt2qhEBUBK7majg2/fddhDgvTQq/3SCrXIBU7pPpg==,#94B3FF,"892,1178"
2022-04-04 01:07:15.992 UTC,20IUJ8Td1FW/HvCYUbmKnRgQTCF5vUPKu1CVKD9UlEK8Ew0pKFc/VziCrZilqkxdMDeT3pSnzu/WPudbIhjHjg==,#E4ABFF,"14,1954"
2022-04-04 01:07:38.848 UTC,bCrZRP7T31V14qwiWNzeBDKckEr+7q5aWwtYi/xnGSI57DwO4pWc5Ce1axjS3yNhF9wvmA2THtL/lwbIIeF69A==,#00CCC0,"1036,1990"
2022-04-04 01:07:47.952 UTC,QQvtwhLuDlTFTvziG6scwMrKUj0Y+4/6vyUzPtaji9/iONJFxq2Kl3ouLc7v4Gq1hSVVrC5XoXR54bOjd9m5+w==,#E4ABFF,"586,321"
2022-04-04 01:08:04.789 UTC,DJFdOg+VUKXfwDO/YXC4SIcgrSwJ/Mw496Sa4LTfHWCiDZtD9sSrwl106dsogCfVIWs1Qg8kCh7FvW7zUF0N1w==,#6A5CFF,"1912,1195"
2022-04-04 01:08:10.731 UTC,2DmtopQOVAaOxaB166ZnT95uZOOIj2fysbhfzr2mvc98i7pMYDXU+2mNleQZt8ryWtzX247JfjenBW/L0mW3GQ==,#94B3FF,"1828,1534"
2022-04-04 01:08:12.504 UTC,PRaOHYhS0VoHiJihnqrhQJrH0EG2Sl2a4AbdkeXLdlJkeE3xcNlJxSFtTc9DvWRdop2uPAavmh4XAY4Ho/VeLw==,#00CCC0,"1363,766"
2022-04-04 01:08:22.345 UTC,OQdkoKhbycgDAH52pxmM34NyRmPoQjwS9c/VFYme+nmBl838VQE+KqL/YQIN5WhP2LT7vUyA/rNCxlguErRZvw==,#00CCC0,"1137,1419"
2022-04-04 01:08:28.78 UTC,0zqInrAfyKU0Yk4ZJRMlumzi31KKh/VXDuzriNWDwlLs4WXxYx8YRLYzzE3SGpD7H0ipiQu2pHTQ29CIxReFkg==,#00CCC0,"1176,206"
2022-04-04 01:08:37.534 UTC,b4xgzWvdoXTQAFRoc/TPj5W8094EHInEpyASAnGiCo29Mdkwl8QIMY5Zi7YUpKaAaipmj5FMbPqZDgJ+YDfOhg==,#E4ABFF,"555,967"
2022-04-04 01:09:00.788 UTC,msVwZIz+uf8oSDat3q4Jb7DNc46T8VS1lG8IfvEqltIfu6OmwcAjVgY2hc2bvYGV8kXPurbm5kx2do2k7aPx1w==,#94B3FF,"1479,1295"
2022-04-04 01:09:04.61 UTC,6YFPcrhVGaxwymyDmuCkjinsUBRHmW3W+kzNHARlydMU3+T8n1QpGhWco1HN0FLPmDwaiRJGc7m7FJtd+gYD3A==,#94B3FF,"1139,878"
2022-04-04 01:09:17.234 UTC,DfRwCQGxVeKVN9G+8Mn4Meof13Udi1XmjfvzfWuZ6h4WbC6ly70KzhJMAsC3IMcamVrZGOO6B/5MMBM+62GVKA==,#E4ABFF,"673,1607"
2022-04-04 01:09:31.901 UTC,Ksd7xrEMsToUhq7Iz7BSbjWdXS00NhYNqY/gaduiB9fTgXOWeJKS9zoqo9Y+0C0/axJAMOy6+W3FC+WuVfAxeg==,#00CCC0,"351,1259"
2022-04-04 01:09:37.784 UTC,6DV9x9J8HpX5PmMq8XcOOnjX+aecd/FZBKGN+XkIPZmd2Q716yL8Ko4zfe5jN3RScuce5GiCtWeZEFKmReEl0Q==,#E4ABFF,"201,1718"
2022-04-04 01:09:47.372 UTC,0JjL/OYK0KCgb7PUdKCb4HBFtJ5fC432W97zGG3Y3Uny0rFu04AiYytFmkJ85Do+v418Ib3I1BmWp3xb/QTHdg==,#6A5CFF,"1836,1525"
2022-04-04 01:10:17.845 UTC,aSscNbUzvoY6Jn6OVG8YKt5xvrpdEAAPfy8mH6RkTiOWQ9ngkmgBLXVl8t/R0ex/PFKuh5v3vCd6BhNQGghRwg==,#94B3FF,"402,1401"
2022-04-04 01:11:01.16 UTC,bIUjVH8UPlYhpvMdfARJQfk1uuxJW3MdoFJbhHSWYaNa4eFxqiQU+h4G1yBnImQQA7FvUZoEWs05vl+EP2MJXg==,#009EAA,"1008,1753"
2022-04-04 01:11:17.013 UTC,4WoNMxU7nVOPqAC11j2eZgeJphjMeQQWzB3H9d0bpaYVKUcId4DGrozW2cNQPTMfAlKCMHTMdFvvYshnxcBz6Q==,#E4ABFF,"932,1716"
2022-04-04 01:11:44.765 UTC,QpOMmE8VDYWX0Uc9lsws9oY2azgsd7CAutfxwNaVs+jHOHQX5i2YoBhycuJdMRmgLdtQY4TxeyPHuDdK5WpFaQ==,#94B3FF,"620,1762"
2022-04-04 01:11:55.829 UTC,Wk5hFSrj1u2AptoElir3FD1GBY74VEk65gqZNIX/BvnUs1IO9NGEgCjlV0AcA9oT9XPnloHZyno178u8sWC/Ug==,#6A5CFF,"1950,537"
2022-04-04 01:12:07.521 UTC,uXFyruD8lsirZXdUHbrmShK1Eyoe4gIH0XySvMf45CeFNTE/2YCaeqwA6ZIy4H1AkUuyTS0k/VW+Esdj+B4iSQ==,#94B3FF,"349,4"
2022-04-04 01:12:40.776 UTC,cLztU2jnM9UA0/wYlbOyptxwiGMuRvi3pwivNiIdF65WGqSzFHmMWh8r8sdr2rJ3ChWBzau5dkWKJzYkBAUprg==,#94B3FF,"1755,1227"
2022-04-04 01:13:08.424 UTC,cx3cdU1PEmj6WZfdDnZKc31Ln6H06BC/XClf8nC6y59Sw8G0WBp6hjtKhUM37dZ7VhMmUEnuoLdIcznfTmYBAw==,#E4ABFF,"355,1736"
2022-04-04 01:13:14.748 UTC,7Bd/PDH94wJRaPI4WmF6KB9tI8NIDed7pHNf42cquGgcoiANN+ur+EhYyp6YX144Qy2G7w8S/7YFfQQUzkzfXg==,#E4ABFF,"1803,591"
2022-04-04 01:13:32.371 UTC,M9gZaDKuqIA1KzzJjO0Vp+a8Ng1AyHTxWOjvS9X8XrXGMw7gn7U6JzOcmfecKtCDdjH+B6D4xemXMu99CjtOIg==,#94B3FF,"1026,491"
2022-04-04 01:13:50.493 UTC,r5tlgAJGSkFepUJv4zavGW83XkvoFb84S2CCX7YQb0QZuiwx8p8NIVF8fbNmSB8HIy2m8LukS3GrRcxS3S2N1w==,#6A5CFF,"1800,572"
2022-04-04 01:13:56.988 UTC,bCrZRP7T31V14qwiWNzeBDKckEr+7q5aWwtYi/xnGSI57DwO4pWc5Ce1axjS3yNhF9wvmA2THtL/lwbIIeF69A==,#E4ABFF,"1400,1749"
2022-04-04 01:14:00.457 UTC,l8YhlQ3j93/KeDywusVcI9Aid9N21veYSfgFU/vSnYHtO3Rye5YUMjAdjsZY9FggLCwH0kYIR8Ll9cqzKbRQuA==,#009EAA,"1673,1711"
2022-04-04 01:14:10.514 UTC,RaUlP7z9ZRYh6AdrkMsQR1LmWAHskfryk6eLx7VBpP6FyLkHhbobsAr+0mSaEEEWZ08TN5mcMQbb9ZrCwuguNg==,#E4ABFF,"1793,1359"
2022-04-04 01:14:12.683 UTC,Xr95m9F5ai7k9R8AakNaG+uOJ0tPd0clccjDD4Ank5nho6Hmnow63Y2QMH2P0B4MgGtE/KqIE8idSW96E59vFQ==,#00CCC0,"1755,649"
2022-04-04 01:14:36.358 UTC,CvBH7dWLSvZyGyogQyYF05CNot8atsquNZckAWU+5bZWCILYdQ+hNITuZdiukTxikTZlLT+KnB8lhprTX3rrHw==,#94B3FF,"1753,1219"
2022-04-04 01:14:40.556 UTC,zTGrS6pgDiqbVLUiYBm//lHwm27IjlHZT+gDKaCPTxLIuxzGc+IK6aHeGoQjnlCyw2vb1bgwkNYF0/9Qni2gHQ==,#00CCC0,"931,492"
2022-04-04 01:14:43.99 UTC,nWWR6oR8cvclVyxq/+pZZAv5VURuE4UGSrybC2Kl+LeCp9icEDenfPzfCQ39S+JQriAYJFe3RaPcQuBgJr6BYQ==,#6A5CFF,"1979,393"
2022-04-04 01:15:04.341 UTC,ywJT8hqxEs2KEhNK/9hoa5bbE/IrCCJ+jBx98Dw2r906FT0sNqP5owWYPn/bORivr+WdOWU2HzgtTd+6NToFQQ==,#94B3FF,"1083,466"
2022-04-04 01:15:11.868 UTC,gmoogRT5Xjmj5/MDCYY1FerqWgPDHo5i4IXCDBzy4BEAPyU4Rp9wiMKMgQsfL2XJrdfCL7Xt5TSTzTpqU5loBA==,#009EAA,"97,1151"
2022-04-04 01:15:16.348 UTC,1+EVsDX3z6g5HK4Cvzp/jAKgImQf/i5gqBTH4H+2NjcJyZ+9hPGAFYVNq/qTd8XPiHJNTN4iMNlpK77QCgKkWg==,#6A5CFF,"1221,1726"
2022-04-04 01:15:16.615 UTC,A5xQWGbT1GWqYlt/1tyHPQ5p+gNYoQZ/q3l0gGXmprsr79vQngx6Hfbo93HsChNb7AK3Xteq0myWRrnragNCRg==,#009EAA,"525,447"
2022-04-04 01:15:20.652 UTC,KDXXQmZsRqVQernNYvZvSU3TOT64rO/RaL7jXIaTqbwjbK1yk8qVnqA3wNZlcR4y6u7YmN87WYpXBhFwt9xnQA==,#00CCC0,"1417,1813"
2022-04-04 01:15:28.123 UTC,PnCUX1o09FRBtCO3xk1HhKC3Frj/rgPULY96Z/XzfsASC5VRpyLSdiT6IoPjOt+tQrdWDfE5iGojGDdgEpj3gA==,#009EAA,"1996,1280"
2022-04-04 01:15:43.486 UTC,+PWB23g0F2TdEYLHxEoGnBPOV9HM4hAAkGO1OgAymXSV5MFLxjSBDK1bbj/O1TjP8HXH5myPr2OSRWUS8VeklQ==,#94B3FF,"1755,1204"
2022-04-04 01:15:45.381 UTC,nPGVBuwVfC4zi6kYq7zyMdjJwdabuaRf5AsAb99Wttf9I+boEM+/N/8E5LKBqFP0qP1USmwi9SltyzVxRgbjmQ==,#009EAA,"1846,1620"
2022-04-04 01:15:59.586 UTC,5ZU+xS8FZQQmS59VTPh6KhHcUNy+0aTeGwRibmwkpNfgyBueqRYwvIGBupUPgtcqiZmAyrjdBm4s1BUQyYnl/g==,#94B3FF,"875,1112"
2022-04-04 01:16:24.786 UTC,ehFkCKtMwbNxa/TrSPeeSSzs7TBDSgQIelQEGcpTzDfMeNctRFHvBFBkGxr+VBobiz4VtmDBvG4cWXFHGwThgg==,#E4ABFF,"740,1198"
2022-04-04 01:16:27.259 UTC,w4XkfeTaJ4WlneS9FQ0y3ESlM7nBzqbjeVYKT8jaV0+y2/owtpg1EwCMRKTFBlkYRZpfkaUT5WiUm1kosMjayw==,#E4ABFF,"554,1280"
2022-04-04 01:16:42.582 UTC,hdL4TGEJU5hH/DkKbUkXThd4HFy8KvoZWoIu8XHhhx+Z5xatSdswHdSJE+XE/57W/JCIg/wYxbOl1yZ0RvGhKw==,#6A5CFF,"1819,584"
2022-04-04 01:16:44.379 UTC,u2TfsXAQAggXiwx/5pQGpKHeGbyhgKaKFoV6n1vXQdNTiU0ayB0A76S9Vh45T6uoPoGoHfgARELDqNWtkp1fXA==,#009EAA,"117,1038"
2022-04-04 01:16:47.034 UTC,6wETrdzyUhRI2ukC3nFrKfo3TGOFW9T4jVR2nKv9wWyIibq6gJNKESE2P3qEqb9yn7wA8VMGNi5D8dfeBO36Nw==,#00CCC0,"200,1141"
2022-04-04 01:16:52.022 UTC,5T9gjIvKlRWtnizzGcEsbV3TtRBUKBDkY2P7NcHwQaLPTB9vWqgRwZyY7aTZzP6U1u/ESg7iyGNcPv6MPk9T9g==,#94B3FF,"562,1256"
2022-04-04 01:17:08.88 UTC,Darfft+LdBSHr3dNd5xYz97xG6woJmdxpUmAJjaCXdnIJgi3F/B0o1f+96hr5EdR0HbmayJ+1PGotrhmOBHPUQ==,#009EAA,"299,935"
2022-04-04 01:17:09.381 UTC,s1jNYRwdCVI4ROpaEfvsu28wa3idP8t1mBQUvFgz1MsAOK0LNxQHbL0ZsU1nFVwKWd+2UDj1ydrbUsmLruz2rA==,#94B3FF,"1945,1633"
2022-04-04 01:17:31.826 UTC,tPcrtm7OtEmSThdRSWmB7jmTF9lUVZ1pltNv1oKqPY9bom/EGIO3/b5kjRenbD3vMF48psnR9MnhIrTT1bpC9A==,#6A5CFF,"1900,1855"
2022-04-04 01:17:38.1 UTC,HKrzePNd/LMfwxG2cHT7eDSLY/0D8b1L80s7SS1mRRoggW3hUxWNFFQR5Qliaz4WCtl560fYz6ZaDJDTUuP+WQ==,#6A5CFF,"268,160"
2022-04-04 01:17:43.182 UTC,Z+r7mK+/kjdFlgPpqJX3DA6+4/hVmdnel77vWV0h4KZ8TJgqvPUDar12DnxzcylBp85DvI/1OnxxhmHwzpMBug==,#E4ABFF,"976,1681"
2022-04-04 01:18:05.382 UTC,2rO0QYGDCwh6At7itLnNKmquwhNuPh+vWC0HaZlvTEykPIPmxny8wnSkEbGWBX62iaandJ8+cqGw+tSRX7kQBw==,#009EAA,"1840,942"
2022-04-04 01:18:08.81 UTC,3B053iv0swxHJUJCNs6IQs0+IWpSTN05uj70k2ciJg+XsnfOaWaf0HhhzbMSEhq1txbFtXL/pkw47Y8MAxb3ig==,#E4ABFF,"157,1057"
2022-04-04 01:18:18.626 UTC,qBktRP1hbP0zMrAVBuPiZidzCiBUcHnlheA7wK+m/5NdfE823w60PFk7XYoX56WQLo0xfCCGmh7nyzA5tGSd6w==,#94B3FF,"1878,1534"
2022-04-04 01:18:25.296 UTC,bdxO5hDtTWOt3JAVcf2xEdJsP+hbVtfGtmazCR0BWQPbX0ivlFdrsrZQB0eY3GfGrwFuDapTYxRse4k0Z2ioVA==,#94B3FF,"589,1762"
2022-04-04 01:18:34.076 UTC,4+FqcTesHAxcfgUFYZRXTeXlEcnK7blNJf4jPRnGTX7HvkQBwTiTB8/NIoJgv1Lm2MBp1ECZwiT33g1X0otcyA==,#6A5CFF,"1327,1840"
2022-04-04 01:18:36.053 UTC,YbcWw3nXZk2auirA/pQ5JNauQ90x2TfMxfu+2lleiZ4jjQg2G6L/V41r39CEM/euvcBGbj0SP0/FmKgHAlZpYg==,#009EAA,"399,1308"
2022-04-04 01:18:53.226 UTC,a4Xl/C8AUmsjJF5/hE0Tb65mLpEnRm98G5yyTukuYDWxLJzSUrpilHAx89sXtpE05lSSFL3e7OGpQxmhB5iLUQ==,#00CCC0,"1737,1211"
2022-04-04 01:19:03.256 UTC,baZj16gTAeoyoHlAGqEjAlPUNDvicZK3x+SEe5La1Vj6y2ip0cd9fIO6jrTkONjG1+cLlV4RD1ltNC5J0f5FuQ==,#009EAA,"1837,1539"
2022-04-04 01:19:04.416 UTC,wvejl3PL19XP7VvNVZpLR70hbkTV0radUwTroMtCKtnbGQ1W+Rzz+VxE5NHT51wvgY90qGD47IyqGSiB793CLA==,#00CCC0,"771,295"
2022-04-04 01:19:16.37 UTC,p3+ALO0dixV0gckQ4D8yjJIgkDgTYfpHyIbA4xpPcMIvFFen9JGsfhUGxHGVmDLSfJxGsXx+9OXX2EnwrYIa4A==,#009EAA,"288,1512"
2022-04-04 01:19:49.384 UTC,7SNKPTaHFvsmamlRDrGTKaglhiVRDmyOGIwOsipjZ6nHelk4KNDlZMdZNfUvBp8CcgYTlg6gSIlhrcte0YwF/Q==,#00CCC0,"654,1358"
2022-04-04 01:19:51.432 UTC,U+kuQORNLM6MIw/cJB13GtyVIN7aFS6yNaT92s6AeAW3vKwpdQLOgctbOiB+9Bn8PWs0PlC6z+vZ+N+jGyd6UQ==,#009EAA,"832,1194"
2022-04-04 01:19:54.393 UTC,YF4I/Kr3t3Q2R+9rmSxNnx9f2Np2Uazee92yqxIeUdO0OhpkRXstb6PU3p3j1hCkZqP8QPyeDYKeNgKOmLho6g==,#6A5CFF,"1975,1676"
2022-04-04 01:20:04.659 UTC,bCrZRP7T31V14qwiWNzeBDKckEr+7q5aWwtYi/xnGSI57DwO4pWc5Ce1axjS3yNhF9wvmA2THtL/lwbIIeF69A==,#E4ABFF,"1094,584"
2022-04-04 01:20:18.904 UTC,+Wh8F5p2j/tYTmKabC4NyMia1rXnxmbi7Nm0bPBMjtsiO3LELg+CAOrlRkoFXQ/UwTfopTbaxiM3pVNLvdNVdQ==,#94B3FF,"251,767"
2022-04-04 01:20:27.508 UTC,SMOR7TAjXIt+j1cPdTp29B2L9wfD3JrpdG7YHbKKdCF1z8nUWj+RGI8ULGxt9RpdynU0Yq0g2iVO6Tzv6BWjbQ==,#E4ABFF,"704,1328"
2022-04-04 01:20:30.141 UTC,x2jFr3xpqdMs6UJsiKOObmBWL+NO5tZymCZRHeniM+uxuViLNcG6Q0WkJbDXsy0mVRzaLsLrl1fHjWWNZwtB2w==,#94B3FF,"1138,682"
2022-04-04 01:20:35.229 UTC,vsFhNx2sWglvuv95i9mYN6Qqa21ZVYADosdVy+bHqhD1938AbbZKjlXlyNnIznM9huhJSFpZGNSb8USib76jLA==,#94B3FF,"1051,487"
2022-04-04 01:20:37.161 UTC,Y22bmtdvLpT/wmJ9BCCVnLHR+thsATzoH7+zT4l707Ycva/JY82u3idTc+anoxptxoKehcI54BsbmZQcQteLDg==,#009EAA,"1793,49"
2022-04-04 01:21:27.907 UTC,HawMaBJvrK9zMhHBLbgoblTDyvb8z59QegncZ3r/EdmlXYyRnW56nz+yNCTZa2gC5b97thrZ7j7OhmFJzNFTBg==,#00CCC0,"1939,1831"
2022-04-04 01:21:34.017 UTC,2SMssDkPElRpQY87A5rrrDIf54jVqNWVsAptDKkoBIa+Hiwa+Z7tIKBkWk2uXNXrhrkTE29BBocqMC3PI/3PyQ==,#E4ABFF,"566,1278"
2022-04-04 01:21:34.286 UTC,kzhangP5dFnqbIS/andAwP7TcynDSiWpjTaoHjPkmRrG2kPhFQ9WamLNuosM0+We3QWuPAu3Q2jOtI27KaPPIw==,#6A5CFF,"1275,1631"
2022-04-04 01:21:36.345 UTC,sR0PjsmP6dlLQgyEMHlMYsXcSx8Fz2ldXhDLTHPQLNxe/vL3OY6Dmx6v6CqR8xVhorNSXfD1AbLO2FlOh4aqFg==,#00CCC0,"707,506"
2022-04-04 01:21:53.518 UTC,LCSgET1L6+7KCv5GPqYfz3LTKHf275kbyEtAS5n9nimWaFjNHwMz15NQCCGgwmBGuBd8mNeVNhhQlg1loF6eIw==,#009EAA,"205,1019"
2022-04-04 01:22:05.85 UTC,TL9YcV8Pjp7t8vqO80vA9VVa1+BQjpNIDflTDqAu06A+BKPLSE0ZxkOKRpiOXYio6KdSwCixCzg+I9y4JsvJHQ==,#009EAA,"1512,953"
2022-04-04 01:22:22.1 UTC,MizQ1tu6pDfI6nuhtUkbfn5boEFx2SV0XzKAGD09IjjlHCBwTWvqgHX9Ma+cD4WiSKYC0aQ3YGDa86yZgMqGYQ==,#00CCC0,"349,1252"
2022-04-04 01:22:56.932 UTC,uec25pRKSSXsK7IGVDblN7Pj3oO9wdoxmRlzfLqk1HKGc14IEdOSv1w+PjESns6wNWCp18UPbeoI4Bj+iybsmw==,#6A5CFF,"792,1781"
2022-04-04 01:23:22.405 UTC,YVbkMZroC2YE2yTCjrbdlPhexHuMncqRENxDScG9WBIoNJfgi/geM4bN92+8YBnEc6be4eZG0rphEnwgPGIiIw==,#94B3FF,"813,1193"
2022-04-04 01:23:22.545 UTC,uxO3bWCpDtWu/fgdTyX0Q3VXvWc2G0HsrUg7VsC3EP+Ovt8NMnLjtuVvUbeWIeArEkGmNq+NnJgQqhKm1wRVEQ==,#94B3FF,"296,959"
2022-04-04 01:23:32.251 UTC,O461k31PJ6WZKFaI0ivi9MQ0ZYuOIeiMmV9UMYrCozwbZ4ZBkxQQvEjSh9XRDrsV4TkYzZD9vtjKAC8LDrl/qA==,#00CCC0,"1224,1777"
2022-04-04 01:23:42.42 UTC,NukqH82eShf6f6UnZ3E99uyvM1oJOv948TfIFH8hM1l5c5wj7SuT5bKgvLk4NADaASbgoG29zgfF+w2jB6o/yQ==,#94B3FF,"1423,1303"
2022-04-04 01:23:58.661 UTC,T7yCM+bHoGyVrPQ2utcWW3y0RTJBjV+0ndg97O+3t6VZnlDDOwP6GA/n2DoGzXQn4W98Anz/bKaFjdR9G0/6ww==,#00CCC0,"1826,1256"
2022-04-04 01:24:19.797 UTC,uY9faj8UGrcrw56zAOpYxBhRVneAZ2a0khfP8dNxb2Vos+00KaWCg/AnwtyWYp9KvhWmIAzLMEFqZZz4/BaxRA==,#6A5CFF,"1912,1190"
2022-04-04 01:24:39.047 UTC,KjRgF6zhHvkGTl4Y/0986pEf0Do+1Q3akvxThvvsyMU0j95XB7do0TzWhEif8WIbeRhyL07JENUWH8Jf+FGi8g==,#94B3FF,"1750,1205"
2022-04-04 01:24:44.108 UTC,UH+ZjcffbZq9Uihw9ZleScW6EYTsRiknf57TNHmHHmDSPTcEsBfCsBFe+hceI+uCgvGmXJ25rNjs9Cr0Akwlkw==,#00CCC0,"1807,1621"
2022-04-04 01:24:52.005 UTC,9dBr+k051Xjtxl53bmTKlelh+h6nBvETMsg/XditqkfuroIhG9T0nHPpghgMd6yzTJ/cOaFbVcNBjZMlsDDfIQ==,#00CCC0,"407,1252"
2022-04-04 01:24:52.779 UTC,xbRRMpuRrJt6yNjMxZM98ozsiC6b3E71NLBC7+X4dKgQ7uw1yBkm08ijNY/H93p/1lsk310/cTdFXJ6zcQxVDg==,#94B3FF,"896,1076"
2022-04-04 01:24:57.987 UTC,HvEMRc7inhKbGAkgmCWl/BQqHnaxTt2mRTvfsxfS9am+FRR3uO2q2f71TzIcYDdTcRNc6Bmif4JK+aWg/7MRrQ==,#009EAA,"474,1311"
2022-04-04 01:25:26.137 UTC,6X62d7Od+0ut19/tGhumC0ARrMW4guPZDRfHTvIC05ioBqDKfHsht+yMwyxbD3yJZMy0U03c2qEMwh75ovcjaw==,#009EAA,"33,1682"
2022-04-04 01:25:26.795 UTC,YNEp2CKdFdO277Mlj0w/MBFRa7LJP7RYnD5XTcaia31W8oQTBVlF76VkjfsBxumNNAu9OucD57+57I3dORlGDg==,#94B3FF,"475,1239"
2022-04-04 01:25:40.466 UTC,Ql2y/IrRt9qJ3U5pfdDcRoEo4wLbtvAvPZGF1nxHmLo8f4kFyG+e7V/HoQEKM/7in2XWTKPj/i7MNXxMqMPFcg==,#00CCC0,"156,1288"
2022-04-04 01:26:24.294 UTC,bCrZRP7T31V14qwiWNzeBDKckEr+7q5aWwtYi/xnGSI57DwO4pWc5Ce1axjS3yNhF9wvmA2THtL/lwbIIeF69A==,#00CCC0,"30,905"
2022-04-04 01:26:27.588 UTC,p6uDpXW3ea2HW741JePetZvFeE0N857yxrSgUy/8h7xjgGgEWXgUimU72xic2iS3nUYWKx0fDRjuX1cJYSq8zg==,#94B3FF,"1250,1681"
2022-04-04 01:26:29.255 UTC,+PWB23g0F2TdEYLHxEoGnBPOV9HM4hAAkGO1OgAymXSV5MFLxjSBDK1bbj/O1TjP8HXH5myPr2OSRWUS8VeklQ==,#94B3FF,"1727,1201"
2022-04-04 01:26:49.153 UTC,bbGhAOwRKDJIZW4kQXe3VT1o1vIXYztfvxsuh+1CuVKcDsDUHzXvKPz0P6mqJT5QLgeannF9VCkKJtxVTxFwLA==,#E4ABFF,"1357,1682"
2022-04-04 01:26:51.754 UTC,wtiA+iv8ydNVGcr3Hs87NHtoS6ZkdrV57C6GMRP3aoYEAHQgL5YSnRBVpS1uNR2uk+BNHcC2q010atV6u259Bw==,#009EAA,"263,1511"
2022-04-04 01:26:56.924 UTC,VPAgEGqryyexI8q5Z2Iioosz5yOtEKvNB496XTL6Xy15yDiwuC8LFLiojB+3rUgW2tHbonTvYwhwJIaOmcVEXA==,#E4ABFF,"539,1272"
2022-04-04 01:27:11.059 UTC,JTOLSfrZ46v+CAlMDebjTlFObj3BABKTUu8wCjlab/opVauCpxV3VCIH5OPOpYtewzpGSFdOimhLvqiMSwO7tQ==,#009EAA,"1474,1719"
2022-04-04 01:27:34.565 UTC,EiuKh2DwnKN0ItD1teaaST3oq27eKrD/TguRxLE0lAPTyPEHILl8ewzN+K2MUmbYP6y/twJ5ewYtks46ZBMNrw==,#6A5CFF,"338,1658"
2022-04-04 01:27:36.153 UTC,A/KQLxfc+37AdrKBum0a5gOvY94eEoojkIjoRqrltgPYY9tWXia68waq7LFPKBr916dSP+/bfdH7YWNkdXZ1IQ==,#6A5CFF,"250,1083"
2022-04-04 01:27:37.558 UTC,urWYzVAPNpm2eu0/HRbRFkEJcpxwnIX63vdyNvvmg+m7zyMaB5viVDxAG7jIFwj5fIE6AZL25AZ9FxVf9nsl/Q==,#6A5CFF,"1809,1254"
2022-04-04 01:18:18.626 UTC,qBktRP1hbP0zMrAVBuPiZidzCiBUcHnlheA7wK+m/5NdfE823w60PFk7XYoX56WQLo0xfCCGmh7nyzA5tGSd6w==,#94B3FF,"1878,1534"
2022-04-04 01:18:25.296 UTC,bdxO5hDtTWOt3JAVcf2xEdJsP+hbVtfGtmazCR0BWQPbX0ivlFdrsrZQB0eY3GfGrwFuDapTYxRse4k0Z2ioVA==,#94B3FF,"589,1762"
2022-04-04 01:18:34.076 UTC,4+FqcTesHAxcfgUFYZRXTeXlEcnK7blNJf4jPRnGTX7HvkQBwTiTB8/NIoJgv1Lm2MBp1ECZwiT33g1X0otcyA==,#6A5CFF,"1327,1840"
2022-04-04 01:18:36.053 UTC,YbcWw3nXZk2auirA/pQ5JNauQ90x2TfMxfu+2lleiZ4jjQg2G6L/V41r39CEM/euvcBGbj0SP0/FmKgHAlZpYg==,#009EAA,"399,1308"
2022-04-04 01:18:53.226 UTC,a4Xl/C8AUmsjJF5/hE0Tb65mLpEnRm98G5yyTukuYDWxLJzSUrpilHAx89sXtpE05lSSFL3e7OGpQxmhB5iLUQ==,#00CCC0,"1737,1211"
2022-04-04 01:19:03.256 UTC,baZj16gTAeoyoHlAGqEjAlPUNDvicZK3x+SEe5La1Vj6y2ip0cd9fIO6jrTkONjG1+cLlV4RD1ltNC5J0f5FuQ==,#009EAA,"1837,1539"
2022-04-04 01:19:04.416 UTC,wvejl3PL19XP7VvNVZpLR70hbkTV0radUwTroMtCKtnbGQ1W+Rzz+VxE5NHT51wvgY90qGD47IyqGSiB793CLA==,#00CCC0,"771,295"
2022-04-04 01:19:16.37 UTC,p3+ALO0dixV0gckQ4D8yjJIgkDgTYfpHyIbA4xpPcMIvFFen9JGsfhUGxHGVmDLSfJxGsXx+9OXX2EnwrYIa4A==,#009EAA,"288,1512"
2022-04-04 01:19:49.384 UTC,7SNKPTaHFvsmamlRDrGTKaglhiVRDmyOGIwOsipjZ6nHelk4KNDlZMdZNfUvBp8CcgYTlg6gSIlhrcte0YwF/Q==,#00CCC0,"654,1358"
2022-04-04 01:19:51.432 UTC,U+kuQORNLM6MIw/cJB13GtyVIN7aFS6yNaT92s6AeAW3vKwpdQLOgctbOiB+9Bn8PWs0PlC6z+vZ+N+jGyd6UQ==,#009EAA,"832,1194"
2022-04-04 01:19:54.393 UTC,YF4I/Kr3t3Q2R+9rmSxNnx9f2Np2Uazee92yqxIeUdO0OhpkRXstb6PU3p3j1hCkZqP8QPyeDYKeNgKOmLho6g==,#6A5CFF,"1975,1676"
2022-04-04 01:20:04.659 UTC,cHeMXccvLoi1MRFmocZOTUF618dooqrAWdJzUJHBQux7GAdF9MtyemrfO4uTaPKo504fYg69HS8eIxSzOUfr1w==,#E4ABFF,"1094,584"
2022-04-04 01:20:18.904 UTC,+Wh8F5p2j/tYTmKabC4NyMia1rXnxmbi7Nm0bPBMjtsiO3LELg+CAOrlRkoFXQ/UwTfopTbaxiM3pVNLvdNVdQ==,#94B3FF,"251,767"
2022-04-04 01:20:27.508 UTC,SMOR7TAjXIt+j1cPdTp29B2L9wfD3JrpdG7YHbKKdCF1z8nUWj+RGI8ULGxt9RpdynU0Yq0g2iVO6Tzv6BWjbQ==,#E4ABFF,"704,1328"
2022-04-04 01:20:30.141 UTC,x2jFr3xpqdMs6UJsiKOObmBWL+NO5tZymCZRHeniM+uxuViLNcG6Q0WkJbDXsy0mVRzaLsLrl1fHjWWNZwtB2w==,#94B3FF,"1138,682"
2022-04-04 01:20:35.229 UTC,vsFhNx2sWglvuv95i9mYN6Qqa21ZVYADosdVy+bHqhD1938AbbZKjlXlyNnIznM9huhJSFpZGNSb8USib76jLA==,#94B3FF,"1051,487"
2022-04-04 01:20:37.161 UTC,Y22bmtdvLpT/wmJ9BCCVnLHR+thsATzoH7+zT4l707Ycva/JY82u3idTc+anoxptxoKehcI54BsbmZQcQteLDg==,#009EAA,"1793,49"
2022-04-04 01:21:27.907 UTC,HawMaBJvrK9zMhHBLbgoblTDyvb8z59QegncZ3r/EdmlXYyRnW56nz+yNCTZa2gC5b97thrZ7j7OhmFJzNFTBg==,#00CCC0,"1939,1831"
2022-04-04 01:21:34.017 UTC,2SMssDkPElRpQY87A5rrrDIf54jVqNWVsAptDKkoBIa+Hiwa+Z7tIKBkWk2uXNXrhrkTE29BBocqMC3PI/3PyQ==,#E4ABFF,"566,1278"
2022-04-04 01:21:34.286 UTC,kzhangP5dFnqbIS/andAwP7TcynDSiWpjTaoHjPkmRrG2kPhFQ9WamLNuosM0+We3QWuPAu3Q2jOtI27KaPPIw==,#6A5CFF,"1275,1631"
2022-04-04 01:21:36.345 UTC,sR0PjsmP6dlLQgyEMHlMYsXcSx8Fz2ldXhDLTHPQLNxe/vL3OY6Dmx6v6CqR8xVhorNSXfD1AbLO2FlOh4aqFg==,#00CCC0,"707,506"
2022-04-04 01:21:53.518 UTC,LCSgET1L6+7KCv5GPqYfz3LTKHf275kbyEtAS5n9nimWaFjNHwMz15NQCCGgwmBGuBd8mNeVNhhQlg1loF6eIw==,#009EAA,"205,1019"
2022-04-04 01:22:05.85 UTC,TL9YcV8Pjp7t8vqO80vA9VVa1+BQjpNIDflTDqAu06A+BKPLSE0ZxkOKRpiOXYio6KdSwCixCzg+I9y4JsvJHQ==,#009EAA,"1512,953"
2022-04-04 01:22:22.1 UTC,MizQ1tu6pDfI6nuhtUkbfn5boEFx2SV0XzKAGD09IjjlHCBwTWvqgHX9Ma+cD4WiSKYC0aQ3YGDa86yZgMqGYQ==,#00CCC0,"349,1252"
2022-04-04 01:22:56.932 UTC,uec25pRKSSXsK7IGVDblN7Pj3oO9wdoxmRlzfLqk1HKGc14IEdOSv1w+PjESns6wNWCp18UPbeoI4Bj+iybsmw==,#6A5CFF,"792,1781"
2022-04-04 01:23:22.405 UTC,YVbkMZroC2YE2yTCjrbdlPhexHuMncqRENxDScG9WBIoNJfgi/geM4bN92+8YBnEc6be4eZG0rphEnwgPGIiIw==,#94B3FF,"813,1193"
2022-04-04 01:23:22.545 UTC,uxO3bWCpDtWu/fgdTyX0Q3VXvWc2G0HsrUg7VsC3EP+Ovt8NMnLjtuVvUbeWIeArEkGmNq+NnJgQqhKm1wRVEQ==,#94B3FF,"296,959"
2022-04-04 01:23:32.251 UTC,O461k31PJ6WZKFaI0ivi9MQ0ZYuOIeiMmV9UMYrCozwbZ4ZBkxQQvEjSh9XRDrsV4TkYzZD9vtjKAC8LDrl/qA==,#00CCC0,"1224,1777"
2022-04-04 01:23:42.42 UTC,NukqH82eShf6f6UnZ3E99uyvM1oJOv948TfIFH8hM1l5c5wj7SuT5bKgvLk4NADaASbgoG29zgfF+w2jB6o/yQ==,#94B3FF,"1423,1303"
2022-04-04 01:23:58.661 UTC,T7yCM+bHoGyVrPQ2utcWW3y0RTJBjV+0ndg97O+3t6VZnlDDOwP6GA/n2DoGzXQn4W98Anz/bKaFjdR9G0/6ww==,#00CCC0,"1826,1256"
2022-04-04 01:24:19.797 UTC,uY9faj8UGrcrw56zAOpYxBhRVneAZ2a0khfP8dNxb2Vos+00KaWCg/AnwtyWYp9KvhWmIAzLMEFqZZz4/BaxRA==,#6A5CFF,"1912,1190"
2022-04-04 01:24:39.047 UTC,bCrZRP7T31V14qwiWNzeBDKckEr+7q5aWwtYi/xnGSI57DwO4pWc5Ce1axjS3yNhF9wvmA2THtL/lwbIIeF69A==,#94B3FF,"1750,1205"
2022-04-04 01:24:44.108 UTC,UH+ZjcffbZq9Uihw9ZleScW6EYTsRiknf57TNHmHHmDSPTcEsBfCsBFe+hceI+uCgvGmXJ25rNjs9Cr0Akwlkw==,#00CCC0,"1807,1621"
2022-04-04 01:24:52.005 UTC,9dBr+k051Xjtxl53bmTKlelh+h6nBvETMsg/XditqkfuroIhG9T0nHPpghgMd6yzTJ/cOaFbVcNBjZMlsDDfIQ==,#00CCC0,"407,1252"
2022-04-04 01:24:52.779 UTC,xbRRMpuRrJt6yNjMxZM98ozsiC6b3E71NLBC7+X4dKgQ7uw1yBkm08ijNY/H93p/1lsk310/cTdFXJ6zcQxVDg==,#94B3FF,"896,1076"
2022-04-04 01:24:57.987 UTC,HvEMRc7inhKbGAkgmCWl/BQqHnaxTt2mRTvfsxfS9am+FRR3uO2q2f71TzIcYDdTcRNc6Bmif4JK+aWg/7MRrQ==,#009EAA,"474,1311"
2022-04-04 01:25:26.137 UTC,6X62d7Od+0ut19/tGhumC0ARrMW4guPZDRfHTvIC05ioBqDKfHsht+yMwyxbD3yJZMy0U03c2qEMwh75ovcjaw==,#009EAA,"33,1682"
2022-04-04 01:25:26.795 UTC,YNEp2CKdFdO277Mlj0w/MBFRa7LJP7RYnD5XTcaia31W8oQTBVlF76VkjfsBxumNNAu9OucD57+57I3dORlGDg==,#94B3FF,"475,1239"
2022-04-04 01:25:40.466 UTC,Ql2y/IrRt9qJ3U5pfdDcRoEo4wLbtvAvPZGF1nxHmLo8f4kFyG+e7V/HoQEKM/7in2XWTKPj/i7MNXxMqMPFcg==,#00CCC0,"156,1288"
2022-04-04 01:26:24.294 UTC,dy35OtEWADDktqe+s33+JBFoBWYJQx/S2Sm+Q5o4RxJcnn8/HWgsYSMKiZvVznGADYl/WG7IKHkXuk1+kFnFrg==,#00CCC0,"30,905"
2022-04-04 01:26:27.588 UTC,p6uDpXW3ea2HW741JePetZvFeE0N857yxrSgUy/8h7xjgGgEWXgUimU72xic2iS3nUYWKx0fDRjuX1cJYSq8zg==,#94B3FF,"1250,1681"
2022-04-04 01:26:29.255 UTC,+PWB23g0F2TdEYLHxEoGnBPOV9HM4hAAkGO1OgAymXSV5MFLxjSBDK1bbj/O1TjP8HXH5myPr2OSRWUS8VeklQ==,#94B3FF,"1727,1201"
2022-04-04 01:26:49.153 UTC,bbGhAOwRKDJIZW4kQXe3VT1o1vIXYztfvxsuh+1CuVKcDsDUHzXvKPz0P6mqJT5QLgeannF9VCkKJtxVTxFwLA==,#E4ABFF,"1357,1682"
2022-04-04 01:26:51.754 UTC,wtiA+iv8ydNVGcr3Hs87NHtoS6ZkdrV57C6GMRP3aoYEAHQgL5YSnRBVpS1uNR2uk+BNHcC2q010atV6u259Bw==,#009EAA,"263,1511"
2022-04-04 01:26:56.924 UTC,VPAgEGqryyexI8q5Z2Iioosz5yOtEKvNB496XTL6Xy15yDiwuC8LFLiojB+3rUgW2tHbonTvYwhwJIaOmcVEXA==,#E4ABFF,"539,1272"
2022-04-04 01:27:11.059 UTC,JTOLSfrZ46v+CAlMDebjTlFObj3BABKTUu8wCjlab/opVauCpxV3VCIH5OPOpYtewzpGSFdOimhLvqiMSwO7tQ==,#009EAA,"1474,1719"
2022-04-04 01:27:34.565 UTC,EiuKh2DwnKN0ItD1teaaST3oq27eKrD/TguRxLE0lAPTyPEHILl8ewzN+K2MUmbYP6y/twJ5ewYtks46ZBMNrw==,#6A5CFF,"338,1658"
2022-04-04 01:27:36.153 UTC,A/KQLxfc+37AdrKBum0a5gOvY94eEoojkIjoRqrltgPYY9tWXia68waq7LFPKBr916dSP+/bfdH7YWNkdXZ1IQ==,#6A5CFF,"250,1083"
2022-04-04 01:27:37.558 UTC,urWYzVAPNpm2eu0/HRbRFkEJcpxwnIX63vdyNvvmg+m7zyMaB5viVDxAG7jIFwj5fIE6AZL25AZ9FxVf9nsl/Q==,#6A5CFF,"1809,1254"